dataset,algorithm,n,rho_f1_label,rho_f1_traj,low_label_f1,high_label_f1,gap
20newsgroups,d-federaser,90,-0.5559042518763967,-0.5559042518763967,0.4333632613311284,0.3206683072613843,0.11269495406974411
20newsgroups,d-fedosd,90,-0.5784319569583961,-0.5784319569583961,0.5245139443797008,0.36657743050999453,0.15793651386970625
20newsgroups,d-fedrecovery,90,-0.6503218393524236,-0.6503218393524236,0.5323711473037611,0.3658841777279073,0.1664869695758538
20newsgroups,d-oblivionis,90,-0.5168120577635155,-0.5168120577635155,0.5412141199503478,0.4016638138806108,0.13955030606973706
yahoo_subset,d-federaser,90,-0.6721869648731876,-0.6721869648731876,0.6723909630453935,0.5965832004427885,0.07580776260260502
yahoo_subset,d-fedosd,90,-0.5057138501128245,-0.5057138501128245,0.7034471516071873,0.5505971406135066,0.15285001099368067
yahoo_subset,d-fedrecovery,90,-0.4845113041532957,-0.4845113041532957,0.7183521635225713,0.607882349107298,0.11046981441527326
yahoo_subset,d-oblivionis,90,-0.43597735129281173,-0.43597735129281173,0.7121344535226232,0.6186030613387716,0.09353139218385154
